Start time,End time,Start station,End station,Day,Endday,Train number
255,317,AR,FA,3,3,6
255,350,AR,OD,3,3,6
255,423,AR,KH,3,3,6
255,455,AR,CPHkak,3,3,6
323,350,FA,OD,3,3,6
323,423,FA,KH,3,3,6
323,455,FA,CPHkak,3,3,6
353,423,OD,KH,3,3,6
353,455,OD,CPHkak,3,3,6
432,455,KH,CPHkak,3,3,6
349,426,AR,AB,3,3,7
315,377,AR,FA,4,4,10
383,410,FA,OD,3,3,10
383,483,FA,KH,3,3,10
383,515,FA,CPHkak,3,3,10
413,483,OD,KH,3,3,10
413,515,OD,CPHkak,3,3,10
492,515,KH,CPHkak,3,3,10
409,486,AR,AB,3,3,11
313,343,OD,FA,4,4,11
350,486,FA,AB,3,3,11
350,407,FA,TE,3,3,11
350,442,FA,SDB,3,3,11
409,442,TE,SDB,3,3,11
290,368,AB,AR,4,4,14
375,420,AR,VJ,3,3,14
375,437,AR,FA,3,3,14
375,470,AR,OD,3,3,14
375,543,AR,KH,3,3,14
375,575,AR,CPHkak,3,3,14
422,437,VJ,FA,3,3,14
422,470,VJ,OD,3,3,14
422,543,VJ,KH,3,3,14
422,575,VJ,CPHkak,3,3,14
443,470,FA,OD,3,3,14
443,543,FA,KH,3,3,14
443,575,FA,CPHkak,3,3,14
473,543,OD,KH,3,3,14
473,575,OD,CPHkak,3,3,14
552,575,KH,CPHkak,3,3,14
335,368,SDB,TE,4,4,14
370,470,TE,OD,3,3,14
370,543,TE,KH,3,3,14
370,575,TE,CPHkak,3,3,14
370,427,TE,FA,3,3,14
370,398,OD,FA,3,3,15
370,462,OD,AR,3,3,15
370,546,OD,AB,3,3,15
403,462,FA,AR,3,3,15
403,546,FA,AB,3,3,15
470,546,AR,AB,3,3,15
350,428,AB,AR,3,3,18
350,497,AB,FA,3,3,18
350,530,AB,OD,3,3,18
350,603,AB,KH,3,3,18
350,635,AB,CPHkak,3,3,18
435,497,AR,FA,3,3,18
435,530,AR,OD,3,3,18
435,603,AR,KH,3,3,18
435,635,AR,CPHkak,3,3,18
503,530,FA,OD,3,3,18
503,603,FA,KH,3,3,18
503,635,FA,CPHkak,3,3,18
533,603,OD,KH,3,3,18
533,635,OD,CPHkak,3,3,18
612,635,KH,CPHkak,3,3,18
317,341,CPHkak,KH,4,4,19
356,427,KH,OD,3,3,19
356,458,KH,FA,3,3,19
356,522,KH,AR,3,3,19
356,606,KH,AB,3,3,19
356,527,KH,TE,3,3,19
356,562,KH,SDB,3,3,19
430,458,OD,FA,3,3,19
430,522,OD,AR,3,3,19
430,606,OD,AB,3,3,19
430,527,OD,TE,3,3,19
430,562,OD,SDB,3,3,19
463,522,FA,AR,3,3,19
463,606,FA,AB,3,3,19
530,606,AR,AB,3,3,19
470,527,FA,TE,3,3,19
470,562,FA,SDB,3,3,19
529,562,TE,SDB,3,3,19
410,488,AB,AR,3,3,22
410,557,AB,FA,3,3,22
410,590,AB,OD,3,3,22
410,663,AB,KH,3,3,22
410,695,AB,CPHkak,3,3,22
495,557,AR,FA,3,3,22
495,590,AR,OD,3,3,22
495,663,AR,KH,3,3,22
495,695,AR,CPHkak,3,3,22
563,590,FA,OD,3,3,22
563,663,FA,KH,3,3,22
563,695,FA,CPHkak,3,3,22
593,663,OD,KH,3,3,22
593,695,OD,CPHkak,3,3,22
672,695,KH,CPHkak,3,3,22
455,590,SDB,OD,3,3,22
455,663,SDB,KH,3,3,22
455,695,SDB,CPHkak,3,3,22
455,488,SDB,TE,3,3,22
455,547,SDB,FA,3,3,22
490,590,TE,OD,3,3,22
490,663,TE,KH,3,3,22
490,695,TE,CPHkak,3,3,22
490,547,TE,FA,3,3,22
377,401,CPHkak,KH,3,3,23
377,487,CPHkak,OD,3,3,23
377,518,CPHkak,FA,3,3,23
377,582,CPHkak,AR,3,3,23
377,541,CPHkak,VJ,3,3,23
377,647,CPHkak,STR,3,3,23
377,666,CPHkak,AB,3,3,23
416,487,KH,OD,3,3,23
416,518,KH,FA,3,3,23
416,582,KH,AR,3,3,23
416,541,KH,VJ,3,3,23
416,647,KH,STR,3,3,23
416,666,KH,AB,3,3,23
490,518,OD,FA,3,3,23
490,582,OD,AR,3,3,23
490,541,OD,VJ,3,3,23
490,647,OD,STR,3,3,23
490,666,OD,AB,3,3,23
523,582,FA,AR,3,3,23
523,541,FA,VJ,3,3,23
523,647,FA,STR,3,3,23
523,666,FA,AB,3,3,23
526,541,FA,VJ,3,3,23
526,647,FA,STR,3,3,23
526,666,FA,AB,3,3,23
543,647,VJ,STR,3,3,23
543,666,VJ,AB,3,3,23
590,666,AR,AB,3,3,23
470,548,AB,AR,3,3,26
470,596,AB,VJ,3,3,26
470,617,AB,FA,3,3,26
470,613,AB,FA,3,3,26
470,650,AB,OD,3,3,26
470,723,AB,KH,3,3,26
470,755,AB,CPHkak,3,3,26
484,596,STR,VJ,3,3,26
484,617,STR,FA,3,3,26
484,613,STR,FA,3,3,26
484,650,STR,OD,3,3,26
484,723,STR,KH,3,3,26
484,755,STR,CPHkak,3,3,26
555,617,AR,FA,3,3,26
555,613,AR,FA,3,3,26
555,650,AR,OD,3,3,26
555,723,AR,KH,3,3,26
555,755,AR,CPHkak,3,3,26
597,613,VJ,FA,3,3,26
597,650,VJ,OD,3,3,26
597,723,VJ,KH,3,3,26
597,755,VJ,CPHkak,3,3,26
623,650,FA,OD,3,3,26
623,723,FA,KH,3,3,26
623,755,FA,CPHkak,3,3,26
653,723,OD,KH,3,3,26
653,755,OD,CPHkak,3,3,26
732,755,KH,CPHkak,3,3,26
437,461,CPHkak,KH,3,3,27
437,547,CPHkak,OD,3,3,27
437,578,CPHkak,FA,3,3,27
437,642,CPHkak,AR,3,3,27
437,726,CPHkak,AB,3,3,27
437,647,CPHkak,TE,3,3,27
437,682,CPHkak,SDB,3,3,27
476,547,KH,OD,3,3,27
476,578,KH,FA,3,3,27
476,642,KH,AR,3,3,27
476,726,KH,AB,3,3,27
476,647,KH,TE,3,3,27
476,682,KH,SDB,3,3,27
550,578,OD,FA,3,3,27
550,642,OD,AR,3,3,27
550,726,OD,AB,3,3,27
550,647,OD,TE,3,3,27
550,682,OD,SDB,3,3,27
583,642,FA,AR,3,3,27
583,726,FA,AB,3,3,27
650,726,AR,AB,3,3,27
590,726,FA,AB,3,3,27
590,647,FA,TE,3,3,27
590,682,FA,SDB,3,3,27
649,682,TE,SDB,3,3,27
530,608,AB,AR,3,3,30
530,677,AB,FA,3,3,30
530,710,AB,OD,3,3,30
530,783,AB,KH,3,3,30
530,815,AB,CPHkak,3,3,30
615,677,AR,FA,3,3,30
615,710,AR,OD,3,3,30
615,783,AR,KH,3,3,30
615,815,AR,CPHkak,3,3,30
683,710,FA,OD,3,3,30
683,783,FA,KH,3,3,30
683,815,FA,CPHkak,3,3,30
713,783,OD,KH,3,3,30
713,815,OD,CPHkak,3,3,30
792,815,KH,CPHkak,3,3,30
575,710,SDB,OD,3,3,30
575,783,SDB,KH,3,3,30
575,815,SDB,CPHkak,3,3,30
575,608,SDB,TE,3,3,30
575,667,SDB,FA,3,3,30
610,710,TE,OD,3,3,30
610,783,TE,KH,3,3,30
610,815,TE,CPHkak,3,3,30
610,667,TE,FA,3,3,30
497,521,CPHkak,KH,3,3,31
497,607,CPHkak,OD,3,3,31
497,638,CPHkak,FA,3,3,31
497,702,CPHkak,AR,3,3,31
497,661,CPHkak,VJ,3,3,31
497,767,CPHkak,STR,3,3,31
497,786,CPHkak,AB,3,3,31
536,607,KH,OD,3,3,31
536,638,KH,FA,3,3,31
536,702,KH,AR,3,3,31
536,661,KH,VJ,3,3,31
536,767,KH,STR,3,3,31
536,786,KH,AB,3,3,31
610,638,OD,FA,3,3,31
610,702,OD,AR,3,3,31
610,661,OD,VJ,3,3,31
610,767,OD,STR,3,3,31
610,786,OD,AB,3,3,31
643,702,FA,AR,3,3,31
643,661,FA,VJ,3,3,31
643,767,FA,STR,3,3,31
643,786,FA,AB,3,3,31
646,661,FA,VJ,3,3,31
646,767,FA,STR,3,3,31
646,786,FA,AB,3,3,31
663,767,VJ,STR,3,3,31
663,786,VJ,AB,3,3,31
710,786,AR,AB,3,3,31
590,668,AB,AR,3,3,34
590,737,AB,FA,3,3,34
590,770,AB,OD,3,3,34
590,843,AB,KH,3,3,34
590,875,AB,CPHkak,3,3,34
675,737,AR,FA,3,3,34
675,770,AR,OD,3,3,34
675,843,AR,KH,3,3,34
675,875,AR,CPHkak,3,3,34
743,770,FA,OD,3,3,34
743,843,FA,KH,3,3,34
743,875,FA,CPHkak,3,3,34
773,843,OD,KH,3,3,34
773,875,OD,CPHkak,3,3,34
852,875,KH,CPHkak,3,3,34
557,581,CPHkak,KH,3,3,35
557,667,CPHkak,OD,3,3,35
557,698,CPHkak,FA,3,3,35
557,762,CPHkak,AR,3,3,35
557,846,CPHkak,AB,3,3,35
557,767,CPHkak,TE,3,3,35
557,802,CPHkak,SDB,3,3,35
596,667,KH,OD,3,3,35
596,698,KH,FA,3,3,35
596,762,KH,AR,3,3,35
596,846,KH,AB,3,3,35
596,767,KH,TE,3,3,35
596,802,KH,SDB,3,3,35
670,698,OD,FA,3,3,35
670,762,OD,AR,3,3,35
670,846,OD,AB,3,3,35
670,767,OD,TE,3,3,35
670,802,OD,SDB,3,3,35
703,762,FA,AR,3,3,35
703,846,FA,AB,3,3,35
770,846,AR,AB,3,3,35
710,846,FA,AB,3,3,35
710,767,FA,TE,3,3,35
710,802,FA,SDB,3,3,35
769,802,TE,SDB,3,3,35
650,728,AB,AR,3,3,38
650,797,AB,FA,3,3,38
650,830,AB,OD,3,3,38
650,903,AB,KH,3,3,38
650,935,AB,CPHkak,3,3,38
735,797,AR,FA,3,3,38
735,830,AR,OD,3,3,38
735,903,AR,KH,3,3,38
735,935,AR,CPHkak,3,3,38
803,830,FA,OD,3,3,38
803,903,FA,KH,3,3,38
803,935,FA,CPHkak,3,3,38
833,903,OD,KH,3,3,38
833,935,OD,CPHkak,3,3,38
912,935,KH,CPHkak,3,3,38
695,830,SDB,OD,3,3,38
695,903,SDB,KH,3,3,38
695,935,SDB,CPHkak,3,3,38
695,728,SDB,TE,3,3,38
695,787,SDB,FA,3,3,38
730,830,TE,OD,3,3,38
730,903,TE,KH,3,3,38
730,935,TE,CPHkak,3,3,38
730,787,TE,FA,3,3,38
617,641,CPHkak,KH,3,3,39
617,727,CPHkak,OD,3,3,39
617,758,CPHkak,FA,3,3,39
617,822,CPHkak,AR,3,3,39
617,906,CPHkak,AB,3,3,39
656,727,KH,OD,3,3,39
656,758,KH,FA,3,3,39
656,822,KH,AR,3,3,39
656,906,KH,AB,3,3,39
730,758,OD,FA,3,3,39
730,822,OD,AR,3,3,39
730,906,OD,AB,3,3,39
763,822,FA,AR,3,3,39
763,906,FA,AB,3,3,39
830,906,AR,AB,3,3,39
710,788,AB,AR,3,3,42
710,836,AB,VJ,3,3,42
710,857,AB,FA,3,3,42
710,853,AB,FA,3,3,42
710,890,AB,OD,3,3,42
710,963,AB,KH,3,3,42
710,995,AB,CPHkak,3,3,42
724,836,STR,VJ,3,3,42
724,857,STR,FA,3,3,42
724,853,STR,FA,3,3,42
724,890,STR,OD,3,3,42
724,963,STR,KH,3,3,42
724,995,STR,CPHkak,3,3,42
795,857,AR,FA,3,3,42
795,853,AR,FA,3,3,42
795,890,AR,OD,3,3,42
795,963,AR,KH,3,3,42
795,995,AR,CPHkak,3,3,42
837,853,VJ,FA,3,3,42
837,890,VJ,OD,3,3,42
837,963,VJ,KH,3,3,42
837,995,VJ,CPHkak,3,3,42
863,890,FA,OD,3,3,42
863,963,FA,KH,3,3,42
863,995,FA,CPHkak,3,3,42
893,963,OD,KH,3,3,42
893,995,OD,CPHkak,3,3,42
972,995,KH,CPHkak,3,3,42
677,701,CPHkak,KH,3,3,43
677,787,CPHkak,OD,3,3,43
677,818,CPHkak,FA,3,3,43
677,882,CPHkak,AR,3,3,43
677,966,CPHkak,AB,3,3,43
677,887,CPHkak,TE,3,3,43
677,922,CPHkak,SDB,3,3,43
716,787,KH,OD,3,3,43
716,818,KH,FA,3,3,43
716,882,KH,AR,3,3,43
716,966,KH,AB,3,3,43
716,887,KH,TE,3,3,43
716,922,KH,SDB,3,3,43
790,818,OD,FA,3,3,43
790,882,OD,AR,3,3,43
790,966,OD,AB,3,3,43
790,887,OD,TE,3,3,43
790,922,OD,SDB,3,3,43
823,882,FA,AR,3,3,43
823,966,FA,AB,3,3,43
890,966,AR,AB,3,3,43
830,887,FA,TE,3,3,43
830,922,FA,SDB,3,3,43
889,922,TE,SDB,3,3,43
770,848,AB,AR,3,3,46
770,917,AB,FA,3,3,46
770,950,AB,OD,3,3,46
770,1023,AB,KH,3,3,46
770,1055,AB,CPHkak,3,3,46
855,917,AR,FA,3,3,46
855,950,AR,OD,3,3,46
855,1023,AR,KH,3,3,46
855,1055,AR,CPHkak,3,3,46
923,950,FA,OD,3,3,46
923,1023,FA,KH,3,3,46
923,1055,FA,CPHkak,3,3,46
953,1023,OD,KH,3,3,46
953,1055,OD,CPHkak,3,3,46
1032,1055,KH,CPHkak,3,3,46
815,950,SDB,OD,3,3,46
815,1023,SDB,KH,3,3,46
815,1055,SDB,CPHkak,3,3,46
815,848,SDB,TE,3,3,46
815,907,SDB,FA,3,3,46
850,950,TE,OD,3,3,46
850,1023,TE,KH,3,3,46
850,1055,TE,CPHkak,3,3,46
850,907,TE,FA,3,3,46
737,761,CPHkak,KH,3,3,47
737,847,CPHkak,OD,3,3,47
737,878,CPHkak,FA,3,3,47
737,942,CPHkak,AR,3,3,47
737,901,CPHkak,VJ,3,3,47
737,1007,CPHkak,STR,3,3,47
737,1026,CPHkak,AB,3,3,47
776,847,KH,OD,3,3,47
776,878,KH,FA,3,3,47
776,942,KH,AR,3,3,47
776,901,KH,VJ,3,3,47
776,1007,KH,STR,3,3,47
776,1026,KH,AB,3,3,47
850,878,OD,FA,3,3,47
850,942,OD,AR,3,3,47
850,901,OD,VJ,3,3,47
850,1007,OD,STR,3,3,47
850,1026,OD,AB,3,3,47
883,942,FA,AR,3,3,47
883,901,FA,VJ,3,3,47
883,1007,FA,STR,3,3,47
883,1026,FA,AB,3,3,47
886,901,FA,VJ,3,3,47
886,1007,FA,STR,3,3,47
886,1026,FA,AB,3,3,47
903,1007,VJ,STR,3,3,47
903,1026,VJ,AB,3,3,47
950,1026,AR,AB,3,3,47
830,908,AB,AR,3,3,50
830,956,AB,VJ,3,3,50
830,977,AB,FA,3,3,50
830,973,AB,FA,3,3,50
830,1010,AB,OD,3,3,50
830,1083,AB,KH,3,3,50
830,1115,AB,CPHkak,3,3,50
844,956,STR,VJ,3,3,50
844,977,STR,FA,3,3,50
844,973,STR,FA,3,3,50
844,1010,STR,OD,3,3,50
844,1083,STR,KH,3,3,50
844,1115,STR,CPHkak,3,3,50
915,977,AR,FA,3,3,50
915,973,AR,FA,3,3,50
915,1010,AR,OD,3,3,50
915,1083,AR,KH,3,3,50
915,1115,AR,CPHkak,3,3,50
957,973,VJ,FA,3,3,50
957,1010,VJ,OD,3,3,50
957,1083,VJ,KH,3,3,50
957,1115,VJ,CPHkak,3,3,50
983,1010,FA,OD,3,3,50
983,1083,FA,KH,3,3,50
983,1115,FA,CPHkak,3,3,50
1013,1083,OD,KH,3,3,50
1013,1115,OD,CPHkak,3,3,50
1092,1115,KH,CPHkak,3,3,50
797,821,CPHkak,KH,3,3,51
797,907,CPHkak,OD,3,3,51
797,938,CPHkak,FA,3,3,51
797,1002,CPHkak,AR,3,3,51
797,1086,CPHkak,AB,3,3,51
797,1007,CPHkak,TE,3,3,51
797,1042,CPHkak,SDB,3,3,51
836,907,KH,OD,3,3,51
836,938,KH,FA,3,3,51
836,1002,KH,AR,3,3,51
836,1086,KH,AB,3,3,51
836,1007,KH,TE,3,3,51
836,1042,KH,SDB,3,3,51
910,938,OD,FA,3,3,51
910,1002,OD,AR,3,3,51
910,1086,OD,AB,3,3,51
910,1007,OD,TE,3,3,51
910,1042,OD,SDB,3,3,51
943,1002,FA,AR,3,3,51
943,1086,FA,AB,3,3,51
1010,1086,AR,AB,3,3,51
950,1007,FA,TE,3,3,51
950,1042,FA,SDB,3,3,51
1009,1042,TE,SDB,3,3,51
890,968,AB,AR,3,3,54
890,1037,AB,FA,3,3,54
890,1070,AB,OD,3,3,54
890,1143,AB,KH,3,3,54
890,1175,AB,CPHkak,3,3,54
975,1037,AR,FA,3,3,54
975,1070,AR,OD,3,3,54
975,1143,AR,KH,3,3,54
975,1175,AR,CPHkak,3,3,54
1043,1070,FA,OD,3,3,54
1043,1143,FA,KH,3,3,54
1043,1175,FA,CPHkak,3,3,54
1073,1143,OD,KH,3,3,54
1073,1175,OD,CPHkak,3,3,54
1152,1175,KH,CPHkak,3,3,54
935,1070,SDB,OD,3,3,54
935,1143,SDB,KH,3,3,54
935,1175,SDB,CPHkak,3,3,54
935,968,SDB,TE,3,3,54
935,1027,SDB,FA,3,3,54
970,1070,TE,OD,3,3,54
970,1143,TE,KH,3,3,54
970,1175,TE,CPHkak,3,3,54
970,1027,TE,FA,3,3,54
857,881,CPHkak,KH,3,3,55
857,967,CPHkak,OD,3,3,55
857,998,CPHkak,FA,3,3,55
857,1062,CPHkak,AR,3,3,55
857,1146,CPHkak,AB,3,3,55
896,967,KH,OD,3,3,55
896,998,KH,FA,3,3,55
896,1062,KH,AR,3,3,55
896,1146,KH,AB,3,3,55
970,998,OD,FA,3,3,55
970,1062,OD,AR,3,3,55
970,1146,OD,AB,3,3,55
1003,1062,FA,AR,3,3,55
1003,1146,FA,AB,3,3,55
1070,1146,AR,AB,3,3,55
950,1028,AB,AR,3,3,58
950,1097,AB,FA,3,3,58
950,1130,AB,OD,3,3,58
950,1203,AB,KH,3,3,58
950,1235,AB,CPHkak,3,3,58
1035,1097,AR,FA,3,3,58
1035,1130,AR,OD,3,3,58
1035,1203,AR,KH,3,3,58
1035,1235,AR,CPHkak,3,3,58
1103,1130,FA,OD,3,3,58
1103,1203,FA,KH,3,3,58
1103,1235,FA,CPHkak,3,3,58
1133,1203,OD,KH,3,3,58
1133,1235,OD,CPHkak,3,3,58
1212,1235,KH,CPHkak,3,3,58
917,941,CPHkak,KH,3,3,59
917,1027,CPHkak,OD,3,3,59
917,1058,CPHkak,FA,3,3,59
917,1122,CPHkak,AR,3,3,59
917,1206,CPHkak,AB,3,3,59
917,1127,CPHkak,TE,3,3,59
917,1162,CPHkak,SDB,3,3,59
956,1027,KH,OD,3,3,59
956,1058,KH,FA,3,3,59
956,1122,KH,AR,3,3,59
956,1206,KH,AB,3,3,59
956,1127,KH,TE,3,3,59
956,1162,KH,SDB,3,3,59
1030,1058,OD,FA,3,3,59
1030,1122,OD,AR,3,3,59
1030,1206,OD,AB,3,3,59
1030,1127,OD,TE,3,3,59
1030,1162,OD,SDB,3,3,59
1063,1122,FA,AR,3,3,59
1063,1206,FA,AB,3,3,59
1130,1206,AR,AB,3,3,59
1070,1127,FA,TE,3,3,59
1070,1162,FA,SDB,3,3,59
1129,1162,TE,SDB,3,3,59
1010,1088,AB,AR,3,3,62
1010,1157,AB,FA,3,3,62
1010,1190,AB,OD,3,3,62
1010,1263,AB,KH,3,3,62
1010,1295,AB,CPHkak,3,3,62
1095,1157,AR,FA,3,3,62
1095,1190,AR,OD,3,3,62
1095,1263,AR,KH,3,3,62
1095,1295,AR,CPHkak,3,3,62
1163,1190,FA,OD,3,3,62
1163,1263,FA,KH,3,3,62
1163,1295,FA,CPHkak,3,3,62
1193,1263,OD,KH,3,3,62
1193,1295,OD,CPHkak,3,3,62
1272,1295,KH,CPHkak,3,3,62
1055,1190,SDB,OD,3,3,62
1055,1263,SDB,KH,3,3,62
1055,1295,SDB,CPHkak,3,3,62
1055,1088,SDB,TE,3,3,62
1055,1147,SDB,FA,3,3,62
1090,1190,TE,OD,3,3,62
1090,1263,TE,KH,3,3,62
1090,1295,TE,CPHkak,3,3,62
1090,1147,TE,FA,3,3,62
977,1001,CPHkak,KH,3,3,63
977,1087,CPHkak,OD,3,3,63
977,1118,CPHkak,FA,3,3,63
977,1182,CPHkak,AR,3,3,63
977,1141,CPHkak,VJ,3,3,63
977,1247,CPHkak,STR,3,3,63
977,1266,CPHkak,AB,3,3,63
1016,1087,KH,OD,3,3,63
1016,1118,KH,FA,3,3,63
1016,1182,KH,AR,3,3,63
1016,1141,KH,VJ,3,3,63
1016,1247,KH,STR,3,3,63
1016,1266,KH,AB,3,3,63
1090,1118,OD,FA,3,3,63
1090,1182,OD,AR,3,3,63
1090,1141,OD,VJ,3,3,63
1090,1247,OD,STR,3,3,63
1090,1266,OD,AB,3,3,63
1123,1182,FA,AR,3,3,63
1123,1141,FA,VJ,3,3,63
1123,1247,FA,STR,3,3,63
1123,1266,FA,AB,3,3,63
1126,1141,FA,VJ,3,3,63
1126,1247,FA,STR,3,3,63
1126,1266,FA,AB,3,3,63
1143,1247,VJ,STR,3,3,63
1143,1266,VJ,AB,3,3,63
1190,1266,AR,AB,3,3,63
1070,1148,AB,AR,3,3,66
1070,1196,AB,VJ,3,3,66
1070,1217,AB,FA,3,3,66
1070,1213,AB,FA,3,3,66
1070,1250,AB,OD,3,3,66
1070,1323,AB,KH,3,3,66
1070,1355,AB,CPHkak,3,3,66
1084,1196,STR,VJ,3,3,66
1084,1217,STR,FA,3,3,66
1084,1213,STR,FA,3,3,66
1084,1250,STR,OD,3,3,66
1084,1323,STR,KH,3,3,66
1084,1355,STR,CPHkak,3,3,66
1155,1217,AR,FA,3,3,66
1155,1213,AR,FA,3,3,66
1155,1250,AR,OD,3,3,66
1155,1323,AR,KH,3,3,66
1155,1355,AR,CPHkak,3,3,66
1197,1213,VJ,FA,3,3,66
1197,1250,VJ,OD,3,3,66
1197,1323,VJ,KH,3,3,66
1197,1355,VJ,CPHkak,3,3,66
1223,1250,FA,OD,3,3,66
1223,1323,FA,KH,3,3,66
1223,1355,FA,CPHkak,3,3,66
1253,1323,OD,KH,3,3,66
1253,1355,OD,CPHkak,3,3,66
1332,1355,KH,CPHkak,3,3,66
1037,1061,CPHkak,KH,3,3,67
1037,1147,CPHkak,OD,3,3,67
1037,1178,CPHkak,FA,3,3,67
1037,1242,CPHkak,AR,3,3,67
1037,1326,CPHkak,AB,3,3,67
1037,1247,CPHkak,TE,3,3,67
1037,1282,CPHkak,SDB,3,3,67
1076,1147,KH,OD,3,3,67
1076,1178,KH,FA,3,3,67
1076,1242,KH,AR,3,3,67
1076,1326,KH,AB,3,3,67
1076,1247,KH,TE,3,3,67
1076,1282,KH,SDB,3,3,67
1150,1178,OD,FA,3,3,67
1150,1242,OD,AR,3,3,67
1150,1326,OD,AB,3,3,67
1150,1247,OD,TE,3,3,67
1150,1282,OD,SDB,3,3,67
1183,1242,FA,AR,3,3,67
1183,1326,FA,AB,3,3,67
1250,1326,AR,AB,3,3,67
1190,1247,FA,TE,3,3,67
1190,1282,FA,SDB,3,3,67
1249,1282,TE,SDB,3,3,67
1130,1208,AB,AR,3,3,70
1130,1277,AB,FA,3,3,70
1130,1310,AB,OD,3,3,70
1130,1383,AB,KH,3,3,70
1130,1415,AB,CPHkak,3,3,70
1215,1277,AR,FA,3,3,70
1215,1310,AR,OD,3,3,70
1215,1383,AR,KH,3,3,70
1215,1415,AR,CPHkak,3,3,70
1283,1310,FA,OD,3,3,70
1283,1383,FA,KH,3,3,70
1283,1415,FA,CPHkak,3,3,70
1313,1383,OD,KH,3,3,70
1313,1415,OD,CPHkak,3,3,70
1392,1415,KH,CPHkak,3,3,70
1175,1310,SDB,OD,3,3,70
1175,1383,SDB,KH,3,3,70
1175,1415,SDB,CPHkak,3,3,70
1175,1208,SDB,TE,3,3,70
1175,1267,SDB,FA,3,3,70
1210,1310,TE,OD,3,3,70
1210,1383,TE,KH,3,3,70
1210,1415,TE,CPHkak,3,3,70
1210,1267,TE,FA,3,3,70
1097,1121,CPHkak,KH,3,3,71
1097,1207,CPHkak,OD,3,3,71
1097,1238,CPHkak,FA,3,3,71
1097,1302,CPHkak,AR,3,3,71
1136,1207,KH,OD,3,3,71
1136,1238,KH,FA,3,3,71
1136,1302,KH,AR,3,3,71
1210,1238,OD,FA,3,3,71
1210,1302,OD,AR,3,3,71
1243,1302,FA,AR,3,3,71
1190,1268,AB,AR,3,3,74
1157,1181,CPHkak,KH,3,3,75
1157,1267,CPHkak,OD,3,3,75
1157,1298,CPHkak,FA,3,3,75
1157,1316,CPHkak,VJ,3,3,75
1157,1362,CPHkak,AR,3,3,75
1157,1367,CPHkak,TE,3,3,75
1157,1402,CPHkak,SDB,3,3,75
1196,1267,KH,OD,3,3,75
1196,1298,KH,FA,3,3,75
1196,1316,KH,VJ,3,3,75
1196,1362,KH,AR,3,3,75
1196,1367,KH,TE,3,3,75
1196,1402,KH,SDB,3,3,75
1270,1298,OD,FA,3,3,75
1270,1316,OD,VJ,3,3,75
1270,1362,OD,AR,3,3,75
1270,1367,OD,TE,3,3,75
1270,1402,OD,SDB,3,3,75
1303,1316,FA,VJ,3,3,75
1303,1362,FA,AR,3,3,75
1318,1362,VJ,AR,3,3,75
1310,1367,FA,TE,3,3,75
1310,1402,FA,SDB,3,3,75
1369,1402,TE,SDB,3,3,75
1295,1328,SDB,TE,3,3,78
1295,1387,SDB,FA,3,3,78
1295,1428,SDB,OD,3,3,78
1330,1387,TE,FA,3,3,78
1330,1428,TE,OD,3,3,78
1394,1428,FA,OD,3,3,78
1217,1241,CPHkak,KH,3,3,79
1217,1327,CPHkak,OD,3,3,79
1217,1358,CPHkak,FA,3,3,79
1256,1327,KH,OD,3,3,79
1256,1358,KH,FA,3,3,79
1330,1358,OD,FA,3,3,79
57,90,TE,SDB,4,4,83
1438,90,FA,SDB,3,4,83
1438,55,FA,TE,3,4,83
260,351,AR,AB,4,4,101
325,415,OD,KH,3,3,104
325,425,OD,KK,3,3,104
325,434,OD,KKn,3,3,104
419,425,KH,KK,3,3,104
419,434,KH,KKn,3,3,104
425,434,KK,KKn,3,3,104
320,411,AR,AB,3,3,105
353,383,FA,OD,3,3,108
353,475,FA,KH,3,3,108
353,492,FA,HGL,3,3,108
385,475,OD,KH,3,3,108
385,492,OD,HGL,3,3,108
479,492,KH,HGL,3,3,108
380,471,AR,AB,3,3,109
413,443,FA,OD,3,3,112
413,535,FA,KH,3,3,112
445,535,OD,KH,3,3,112
335,366,OD,FA,3,3,113
335,432,OD,AR,3,3,113
335,531,OD,AB,3,3,113
373,432,FA,AR,3,3,113
373,531,FA,AB,3,3,113
440,531,AR,AB,3,3,113
305,398,AB,AR,3,3,116
305,503,AB,OD,3,3,116
305,595,AB,KH,3,3,116
473,503,FA,OD,3,3,116
473,595,FA,KH,3,3,116
505,595,OD,KH,3,3,116
305,393,KH,OD,3,3,117
305,426,KH,FA,3,3,117
305,492,KH,AR,3,3,117
305,591,KH,AB,3,3,117
395,426,OD,FA,3,3,117
395,492,OD,AR,3,3,117
395,591,OD,AB,3,3,117
433,492,FA,AR,3,3,117
433,591,FA,AB,3,3,117
500,591,AR,AB,3,3,117
365,458,AB,AR,3,3,118
365,525,AB,FA,3,3,118
465,525,AR,FA,3,3,118
533,563,FA,OD,3,3,120
533,655,FA,KH,3,3,120
533,672,FA,HGL,3,3,120
565,655,OD,KH,3,3,120
565,672,OD,HGL,3,3,120
659,672,KH,HGL,3,3,120
344,358,HGL,KH,3,3,121
344,453,HGL,OD,3,3,121
344,486,HGL,FA,3,3,121
365,453,KH,OD,3,3,121
365,486,KH,FA,3,3,121
455,486,OD,FA,3,3,121
560,651,AR,AB,3,3,123
425,518,AB,AR,3,3,124
425,585,AB,FA,3,3,124
425,623,AB,OD,3,3,124
425,715,AB,KH,3,3,124
425,732,AB,HGL,3,3,124
525,585,AR,FA,3,3,124
525,623,AR,OD,3,3,124
525,715,AR,KH,3,3,124
525,732,AR,HGL,3,3,124
593,623,FA,OD,3,3,124
593,715,FA,KH,3,3,124
593,732,FA,HGL,3,3,124
625,715,OD,KH,3,3,124
625,732,OD,HGL,3,3,124
719,732,KH,HGL,3,3,124
425,513,KH,OD,3,3,125
425,546,KH,FA,3,3,125
425,612,KH,AR,3,3,125
425,711,KH,AB,3,3,125
515,546,OD,FA,3,3,125
515,612,OD,AR,3,3,125
515,711,OD,AB,3,3,125
553,612,FA,AR,3,3,125
553,711,FA,AB,3,3,125
620,711,AR,AB,3,3,125
485,578,AB,AR,3,3,126
485,645,AB,FA,3,3,126
585,645,AR,FA,3,3,126
653,683,FA,OD,3,3,128
653,775,FA,KH,3,3,128
653,792,FA,HGL,3,3,128
685,775,OD,KH,3,3,128
685,792,OD,HGL,3,3,128
779,792,KH,HGL,3,3,128
485,573,KH,OD,3,3,129
485,606,KH,FA,3,3,129
575,606,OD,FA,3,3,129
613,672,FA,AR,3,3,131
613,771,FA,AB,3,3,131
680,771,AR,AB,3,3,131
545,638,AB,AR,3,3,132
545,689,AB,VJ,3,3,132
545,705,AB,FA,3,3,132
545,743,AB,OD,3,3,132
545,835,AB,KH,3,3,132
545,845,AB,KK,3,3,132
545,854,AB,KKn,3,3,132
645,689,AR,VJ,3,3,132
645,705,AR,FA,3,3,132
645,743,AR,OD,3,3,132
645,835,AR,KH,3,3,132
645,845,AR,KK,3,3,132
645,854,AR,KKn,3,3,132
691,705,VJ,FA,3,3,132
691,743,VJ,OD,3,3,132
691,835,VJ,KH,3,3,132
691,845,VJ,KK,3,3,132
691,854,VJ,KKn,3,3,132
713,743,FA,OD,3,3,132
713,835,FA,KH,3,3,132
713,845,FA,KK,3,3,132
713,854,FA,KKn,3,3,132
745,835,OD,KH,3,3,132
745,845,OD,KK,3,3,132
745,854,OD,KKn,3,3,132
839,845,KH,KK,3,3,132
839,854,KH,KKn,3,3,132
845,854,KK,KKn,3,3,132
523,527,KKn,KK,3,3,133
523,538,KKn,KH,3,3,133
523,633,KKn,OD,3,3,133
523,666,KKn,FA,3,3,133
523,732,KKn,AR,3,3,133
523,831,KKn,AB,3,3,133
532,538,KK,KH,3,3,133
532,633,KK,OD,3,3,133
532,666,KK,FA,3,3,133
532,732,KK,AR,3,3,133
532,831,KK,AB,3,3,133
545,633,KH,OD,3,3,133
545,666,KH,FA,3,3,133
545,732,KH,AR,3,3,133
545,831,KH,AB,3,3,133
635,666,OD,FA,3,3,133
635,732,OD,AR,3,3,133
635,831,OD,AB,3,3,133
673,732,FA,AR,3,3,133
673,831,FA,AB,3,3,133
740,831,AR,AB,3,3,133
605,698,AB,AR,3,3,134
605,765,AB,FA,3,3,134
705,765,AR,FA,3,3,134
773,803,FA,OD,3,3,136
773,895,FA,KH,3,3,136
773,912,FA,HGL,3,3,136
805,895,OD,KH,3,3,136
805,912,OD,HGL,3,3,136
899,912,KH,HGL,3,3,136
584,598,HGL,KH,3,3,137
584,693,HGL,OD,3,3,137
584,726,HGL,FA,3,3,137
605,693,KH,OD,3,3,137
605,726,KH,FA,3,3,137
695,726,OD,FA,3,3,137
733,792,FA,AR,3,3,139
733,891,FA,AB,3,3,139
800,891,AR,AB,3,3,139
665,758,AB,AR,3,3,140
665,825,AB,FA,3,3,140
665,863,AB,OD,3,3,140
665,955,AB,KH,3,3,140
765,825,AR,FA,3,3,140
765,863,AR,OD,3,3,140
765,955,AR,KH,3,3,140
833,863,FA,OD,3,3,140
833,955,FA,KH,3,3,140
865,955,OD,KH,3,3,140
665,753,KH,OD,3,3,141
665,786,KH,FA,3,3,141
665,806,KH,VJ,3,3,141
665,852,KH,AR,3,3,141
665,951,KH,AB,3,3,141
755,786,OD,FA,3,3,141
755,806,OD,VJ,3,3,141
755,852,OD,AR,3,3,141
755,951,OD,AB,3,3,141
793,806,FA,VJ,3,3,141
793,852,FA,AR,3,3,141
793,951,FA,AB,3,3,141
808,852,VJ,AR,3,3,141
808,951,VJ,AB,3,3,141
860,951,AR,AB,3,3,141
725,818,AB,AR,3,3,142
725,885,AB,FA,3,3,142
825,885,AR,FA,3,3,142
893,923,FA,OD,3,3,144
893,1015,FA,KH,3,3,144
893,1032,FA,HGL,3,3,144
925,1015,OD,KH,3,3,144
925,1032,OD,HGL,3,3,144
1019,1032,KH,HGL,3,3,144
704,718,HGL,KH,3,3,145
704,813,HGL,OD,3,3,145
704,846,HGL,FA,3,3,145
725,813,KH,OD,3,3,145
725,846,KH,FA,3,3,145
815,846,OD,FA,3,3,145
853,912,FA,AR,3,3,147
853,1011,FA,AB,3,3,147
920,1011,AR,AB,3,3,147
785,878,AB,AR,3,3,148
785,945,AB,FA,3,3,148
785,983,AB,OD,3,3,148
785,1075,AB,KH,3,3,148
885,945,AR,FA,3,3,148
885,983,AR,OD,3,3,148
885,1075,AR,KH,3,3,148
953,983,FA,OD,3,3,148
953,1075,FA,KH,3,3,148
985,1075,OD,KH,3,3,148
785,873,KH,OD,3,3,149
785,906,KH,FA,3,3,149
785,972,KH,AR,3,3,149
785,1071,KH,AB,3,3,149
875,906,OD,FA,3,3,149
875,972,OD,AR,3,3,149
875,1071,OD,AB,3,3,149
913,972,FA,AR,3,3,149
913,1071,FA,AB,3,3,149
980,1071,AR,AB,3,3,149
845,938,AB,AR,3,3,150
845,1005,AB,FA,3,3,150
945,1005,AR,FA,3,3,150
1013,1043,FA,OD,3,3,152
1013,1135,FA,KH,3,3,152
1013,1152,FA,HGL,3,3,152
1045,1135,OD,KH,3,3,152
1045,1152,OD,HGL,3,3,152
1139,1152,KH,HGL,3,3,152
824,838,HGL,KH,3,3,153
824,933,HGL,OD,3,3,153
824,966,HGL,FA,3,3,153
845,933,KH,OD,3,3,153
845,966,KH,FA,3,3,153
935,966,OD,FA,3,3,153
973,1032,FA,AR,3,3,155
973,1131,FA,AB,3,3,155
1040,1131,AR,AB,3,3,155
905,998,AB,AR,3,3,156
905,1065,AB,FA,3,3,156
905,1103,AB,OD,3,3,156
905,1195,AB,KH,3,3,156
1005,1065,AR,FA,3,3,156
1005,1103,AR,OD,3,3,156
1005,1195,AR,KH,3,3,156
1073,1103,FA,OD,3,3,156
1073,1195,FA,KH,3,3,156
1105,1195,OD,KH,3,3,156
905,993,KH,OD,3,3,157
905,1026,KH,FA,3,3,157
905,1092,KH,AR,3,3,157
905,1191,KH,AB,3,3,157
995,1026,OD,FA,3,3,157
995,1092,OD,AR,3,3,157
995,1191,OD,AB,3,3,157
1033,1092,FA,AR,3,3,157
1033,1191,FA,AB,3,3,157
1100,1191,AR,AB,3,3,157
965,1058,AB,AR,3,3,160
965,1125,AB,FA,3,3,160
965,1163,AB,OD,3,3,160
965,1255,AB,KH,3,3,160
965,1265,AB,KK,3,3,160
965,1274,AB,KKn,3,3,160
1065,1125,AR,FA,3,3,160
1065,1163,AR,OD,3,3,160
1065,1255,AR,KH,3,3,160
1065,1265,AR,KK,3,3,160
1065,1274,AR,KKn,3,3,160
1133,1163,FA,OD,3,3,160
1133,1255,FA,KH,3,3,160
1133,1265,FA,KK,3,3,160
1133,1274,FA,KKn,3,3,160
1165,1255,OD,KH,3,3,160
1165,1265,OD,KK,3,3,160
1165,1274,OD,KKn,3,3,160
1259,1265,KH,KK,3,3,160
1259,1274,KH,KKn,3,3,160
1265,1274,KK,KKn,3,3,160
944,958,HGL,KH,3,3,161
944,1053,HGL,OD,3,3,161
944,1086,HGL,FA,3,3,161
965,1053,KH,OD,3,3,161
965,1086,KH,FA,3,3,161
1055,1086,OD,FA,3,3,161
1093,1152,FA,AR,3,3,163
1093,1251,FA,AB,3,3,163
1160,1251,AR,AB,3,3,163
1025,1118,AB,AR,3,3,164
1025,1185,AB,FA,3,3,164
1025,1223,AB,OD,3,3,164
1025,1315,AB,KH,3,3,164
1125,1185,AR,FA,3,3,164
1125,1223,AR,OD,3,3,164
1125,1315,AR,KH,3,3,164
1193,1223,FA,OD,3,3,164
1193,1315,FA,KH,3,3,164
1225,1315,OD,KH,3,3,164
1025,1113,KH,OD,3,3,165
1025,1146,KH,FA,3,3,165
1025,1212,KH,AR,3,3,165
1025,1311,KH,AB,3,3,165
1115,1146,OD,FA,3,3,165
1115,1212,OD,AR,3,3,165
1115,1311,OD,AB,3,3,165
1153,1212,FA,AR,3,3,165
1153,1311,FA,AB,3,3,165
1220,1311,AR,AB,3,3,165
1085,1178,AB,AR,3,3,168
1085,1245,AB,FA,3,3,168
1085,1283,AB,OD,3,3,168
1085,1375,AB,KH,3,3,168
1185,1245,AR,FA,3,3,168
1185,1283,AR,OD,3,3,168
1185,1375,AR,KH,3,3,168
1253,1283,FA,OD,3,3,168
1253,1375,FA,KH,3,3,168
1285,1375,OD,KH,3,3,168
1061,1078,HGL,KH,3,3,169
1061,1173,HGL,OD,3,3,169
1061,1206,HGL,FA,3,3,169
1085,1173,KH,OD,3,3,169
1085,1206,KH,FA,3,3,169
1175,1206,OD,FA,3,3,169
1213,1272,FA,AR,3,3,171
1213,1371,FA,AB,3,3,171
1280,1371,AR,AB,3,3,171
1145,1233,KH,OD,3,3,173
1145,1266,KH,FA,3,3,173
1145,1332,KH,AR,3,3,173
1145,1431,KH,AB,3,3,173
1235,1266,OD,FA,3,3,173
1235,1332,OD,AR,3,3,173
1235,1431,OD,AB,3,3,173
1273,1332,FA,AR,3,3,173
1273,1431,FA,AB,3,3,173
1340,1431,AR,AB,3,3,173
1205,1293,KH,OD,3,3,177
1205,1326,KH,FA,3,3,177
1205,1399,KH,AR,3,3,177
1205,56,KH,AB,3,4,177
1295,1326,OD,FA,3,3,177
1295,1399,OD,AR,3,3,177
1295,56,OD,AB,3,4,177
1340,1399,FA,AR,3,3,177
1340,56,FA,AB,3,4,177
1405,56,AR,AB,3,4,177
1265,1358,AB,AR,3,3,180
1265,1425,AB,FA,3,3,180
1265,23,AB,OD,3,4,180
1365,1425,AR,FA,3,3,180
1365,23,AR,OD,3,4,180
1433,23,FA,OD,3,4,180
1265,1353,KH,OD,3,3,181
1265,1386,KH,FA,3,3,181
1265,12,KH,AR,3,4,181
1355,1386,OD,FA,3,3,181
1355,12,OD,AR,3,4,181
1393,12,FA,AR,3,4,181
1325,1418,AB,AR,3,3,184
5,98,AB,AR,4,4,192
390,482,OD,KH,3,3,208
390,491,OD,KK,3,3,208
390,500,OD,KKn,3,3,208
485,491,KH,KK,3,3,208
485,500,KH,KKn,3,3,208
491,500,KK,KKn,3,3,208
450,542,OD,KH,3,3,212
450,551,OD,KK,3,3,212
545,551,KH,KK,3,3,212
400,404,KKn,KK,3,3,225
400,415,KKn,KH,3,3,225
400,503,KKn,OD,3,3,225
409,415,KK,KH,3,3,225
409,503,KK,OD,3,3,225
419,503,KH,OD,3,3,225
880,884,KKn,KK,3,3,257
880,895,KKn,KH,3,3,257
880,982,KKn,OD,3,3,257
889,895,KK,KH,3,3,257
889,982,KK,OD,3,3,257
899,982,KH,OD,3,3,257
940,944,KKn,KK,3,3,261
940,955,KKn,KH,3,3,261
940,1043,KKn,OD,3,3,261
949,955,KK,KH,3,3,261
949,1043,KK,OD,3,3,261
959,1043,KH,OD,3,3,261
1019,1103,KH,OD,3,3,265
382,454,OD,KH,3,3,308
382,486,OD,CPHkak,3,3,308
463,486,KH,CPHkak,3,3,308
355,410,AR,FA,3,3,312
355,439,AR,OD,3,3,312
355,514,AR,KH,3,3,312
355,546,AR,CPHkak,3,3,312
410,439,FA,OD,3,3,312
410,514,FA,KH,3,3,312
410,546,FA,CPHkak,3,3,312
442,514,OD,KH,3,3,312
442,546,OD,CPHkak,3,3,312
523,546,KH,CPHkak,3,3,312
415,470,AR,FA,3,3,316
415,499,AR,OD,3,3,316
415,574,AR,KH,3,3,316
415,606,AR,CPHkak,3,3,316
470,499,FA,OD,3,3,316
470,574,FA,KH,3,3,316
470,606,FA,CPHkak,3,3,316
502,574,OD,KH,3,3,316
502,606,OD,CPHkak,3,3,316
583,606,KH,CPHkak,3,3,316
353,377,CPHkak,KH,3,3,321
353,457,CPHkak,OD,3,3,321
353,490,CPHkak,FA,3,3,321
353,545,CPHkak,AR,3,3,321
386,457,KH,OD,3,3,321
386,490,KH,FA,3,3,321
386,545,KH,AR,3,3,321
460,490,OD,FA,3,3,321
460,545,OD,AR,3,3,321
490,545,FA,AR,3,3,321
835,890,AR,FA,3,3,344
835,919,AR,OD,3,3,344
835,994,AR,KH,3,3,344
835,1026,AR,CPHkak,3,3,344
890,919,FA,OD,3,3,344
890,994,FA,KH,3,3,344
890,1026,FA,CPHkak,3,3,344
922,994,OD,KH,3,3,344
922,1026,OD,CPHkak,3,3,344
1003,1026,KH,CPHkak,3,3,344
713,737,CPHkak,KH,3,3,345
713,817,CPHkak,OD,3,3,345
713,850,CPHkak,FA,3,3,345
713,905,CPHkak,AR,3,3,345
746,817,KH,OD,3,3,345
746,850,KH,FA,3,3,345
746,905,KH,AR,3,3,345
820,850,OD,FA,3,3,345
820,905,OD,AR,3,3,345
850,905,FA,AR,3,3,345
955,1010,AR,FA,3,3,352
955,1039,AR,OD,3,3,352
955,1114,AR,KH,3,3,352
955,1146,AR,CPHkak,3,3,352
1010,1039,FA,OD,3,3,352
1010,1114,FA,KH,3,3,352
1010,1146,FA,CPHkak,3,3,352
1042,1114,OD,KH,3,3,352
1042,1146,OD,CPHkak,3,3,352
1123,1146,KH,CPHkak,3,3,352
833,857,CPHkak,KH,3,3,353
833,937,CPHkak,OD,3,3,353
833,970,CPHkak,FA,3,3,353
833,1025,CPHkak,AR,3,3,353
866,937,KH,OD,3,3,353
866,970,KH,FA,3,3,353
866,1025,KH,AR,3,3,353
940,970,OD,FA,3,3,353
940,1025,OD,AR,3,3,353
970,1025,FA,AR,3,3,353
953,977,CPHkak,KH,3,3,361
953,1057,CPHkak,OD,3,3,361
953,1090,CPHkak,FA,3,3,361
953,1145,CPHkak,AR,3,3,361
986,1057,KH,OD,3,3,361
986,1090,KH,FA,3,3,361
986,1145,KH,AR,3,3,361
1060,1090,OD,FA,3,3,361
1060,1145,OD,AR,3,3,361
1090,1145,FA,AR,3,3,361
579,640,AR,FA,3,3,383
579,702,AR,TE,3,3,383
579,713,AR,PA,3,3,383
645,702,FA,TE,3,3,383
645,713,FA,PA,3,3,383
704,713,TE,PA,3,3,383
1026,1034,PA,TE,3,3,384
1026,1094,PA,FA,3,3,384
1026,1160,PA,AR,3,3,384
1036,1094,TE,FA,3,3,384
1036,1160,TE,AR,3,3,384
1100,1160,FA,AR,3,3,384
819,880,AR,FA,3,3,385
819,942,AR,TE,3,3,385
819,953,AR,PA,3,3,385
885,942,FA,TE,3,3,385
885,953,FA,PA,3,3,385
944,953,TE,PA,3,3,385
786,794,PA,TE,3,3,386
786,854,PA,FA,3,3,386
786,920,PA,AR,3,3,386
796,854,TE,FA,3,3,386
796,920,TE,AR,3,3,386
860,920,FA,AR,3,3,386
1139,1147,PA,TE,3,3,392
1139,1218,PA,OD,3,3,392
1139,1294,PA,KH,3,3,392
1147,1218,TE,OD,3,3,392
1147,1294,TE,KH,3,3,392
1221,1294,OD,KH,3,3,392
446,517,KH,OD,3,3,393
446,590,KH,TE,3,3,393
446,599,KH,PA,3,3,393
520,590,OD,TE,3,3,393
520,599,OD,PA,3,3,393
590,599,TE,PA,3,3,393
899,907,PA,TE,3,3,394
899,978,PA,OD,3,3,394
899,1054,PA,KH,3,3,394
907,978,TE,OD,3,3,394
907,1054,TE,KH,3,3,394
981,1054,OD,KH,3,3,394
686,757,KH,OD,3,3,395
686,830,KH,TE,3,3,395
686,839,KH,PA,3,3,395
760,830,OD,TE,3,3,395
760,839,OD,PA,3,3,395
830,839,TE,PA,3,3,395
659,667,PA,TE,3,3,396
659,738,PA,OD,3,3,396
659,814,PA,KH,3,3,396
667,738,TE,OD,3,3,396
667,814,TE,KH,3,3,396
741,814,OD,KH,3,3,396
926,997,KH,OD,3,3,397
926,1070,KH,TE,3,3,397
926,1079,KH,PA,3,3,397
1000,1070,OD,TE,3,3,397
1000,1079,OD,PA,3,3,397
1070,1079,TE,PA,3,3,397
252,348,OD,KH,4,4,400
29,53,CPHkak,KH,4,4,403
29,156,CPHkak,OD,4,4,403
29,191,CPHkak,FA,4,4,403
29,262,CPHkak,AR,4,4,403
61,156,KH,OD,4,4,403
61,191,KH,FA,4,4,403
61,262,KH,AR,4,4,403
159,191,OD,FA,4,4,403
159,262,OD,AR,4,4,403
201,262,FA,AR,4,4,403
125,152,CPHkak,KH,4,4,409
125,262,CPHkak,OD,4,4,409
125,298,CPHkak,FA,4,4,409
125,372,CPHkak,AR,4,4,409
161,262,KH,OD,4,4,409
161,298,KH,FA,4,4,409
161,372,KH,AR,4,4,409
264,298,OD,FA,4,4,409
264,372,OD,AR,4,4,409
313,372,FA,AR,4,4,409
269,293,CPHkak,KH,4,4,417
1145,1238,AB,AR,3,3,472
1145,1305,AB,FA,3,3,472
1145,1343,AB,OD,3,3,472
1145,0,AB,KH,3,4,472
1245,1305,AR,FA,3,3,472
1245,1343,AR,OD,3,3,472
1245,0,AR,KH,3,4,472
1313,1343,FA,OD,3,3,472
1313,0,FA,KH,3,4,472
1345,0,OD,KH,3,4,472
11,34,KH,CPHkak,4,4,474
71,94,KH,CPHkak,4,4,476
1205,94,AB,CPHkak,3,4,476
1205,1298,AB,AR,3,3,476
1205,1365,AB,FA,3,3,476
1205,1403,AB,OD,3,3,476
1205,60,AB,KH,3,4,476
1305,94,AR,CPHkak,3,4,476
1305,1365,AR,FA,3,3,476
1305,1403,AR,OD,3,3,476
1305,60,AR,KH,3,4,476
1373,94,FA,CPHkak,3,4,476
1373,1403,FA,OD,3,3,476
1373,60,FA,KH,3,4,476
1405,94,OD,CPHkak,3,4,476
1405,60,OD,KH,3,4,476
1289,1313,CPHkak,KH,3,3,485
1289,1414,CPHkak,OD,3,3,485
1321,1414,KH,OD,3,3,485
45,105,AR,FA,4,4,488
45,143,AR,OD,4,4,488
45,240,AR,KH,4,4,488
45,274,AR,CPHkak,4,4,488
113,143,FA,OD,4,4,488
113,240,FA,KH,4,4,488
113,274,FA,CPHkak,4,4,488
145,240,OD,KH,4,4,488
145,274,OD,CPHkak,4,4,488
251,274,KH,CPHkak,4,4,488
1385,105,AB,FA,3,4,488
1385,143,AB,OD,3,4,488
1385,240,AB,KH,3,4,488
1385,274,AB,CPHkak,3,4,488
1385,38,AB,AR,3,4,488
36,67,OD,FA,4,4,489
36,132,OD,AR,4,4,489
73,132,FA,AR,4,4,489
1349,67,CPHkak,FA,3,4,489
1349,132,CPHkak,AR,3,4,489
1349,1373,CPHkak,KH,3,3,489
1349,35,CPHkak,OD,3,4,489
1381,67,KH,FA,3,4,489
1381,132,KH,AR,3,4,489
1381,35,KH,OD,3,4,489
1409,1433,CPHkak,KH,3,3,491
1,95,KH,OD,4,4,493
291,387,OD,KH,3,3,802
309,348,KD,OD,3,3,806
309,451,KD,KH,3,3,806
309,468,KD,HGL,3,3,806
356,451,OD,KH,3,3,806
356,468,OD,HGL,3,3,806
455,468,KH,HGL,3,3,806
327,408,ES,OD,3,3,810
327,511,ES,KH,3,3,810
327,528,ES,HGL,3,3,810
416,511,OD,KH,3,3,810
416,528,OD,HGL,3,3,810
515,528,KH,HGL,3,3,810
387,468,ES,OD,3,3,814
387,571,ES,KH,3,3,814
387,588,ES,HGL,3,3,814
476,571,OD,KH,3,3,814
476,588,OD,HGL,3,3,814
575,588,KH,HGL,3,3,814
373,459,OD,ES,3,3,815
447,528,ES,OD,3,3,818
447,631,ES,KH,3,3,818
447,648,ES,HGL,3,3,818
536,631,OD,KH,3,3,818
536,648,OD,HGL,3,3,818
635,648,KH,HGL,3,3,818
311,325,HGL,KH,3,3,819
311,424,HGL,OD,3,3,819
311,512,HGL,ES,3,3,819
329,424,KH,OD,3,3,819
329,512,KH,ES,3,3,819
433,512,OD,ES,3,3,819
507,588,ES,OD,3,3,822
507,691,ES,KH,3,3,822
507,708,ES,HGL,3,3,822
596,691,OD,KH,3,3,822
596,708,OD,HGL,3,3,822
695,708,KH,HGL,3,3,822
371,385,HGL,KH,3,3,823
371,484,HGL,OD,3,3,823
371,572,HGL,ES,3,3,823
389,484,KH,OD,3,3,823
389,572,KH,ES,3,3,823
493,572,OD,ES,3,3,823
567,648,ES,OD,3,3,826
567,751,ES,KH,3,3,826
567,768,ES,HGL,3,3,826
656,751,OD,KH,3,3,826
656,768,OD,HGL,3,3,826
755,768,KH,HGL,3,3,826
449,544,KH,OD,3,3,827
449,632,KH,ES,3,3,827
553,632,OD,ES,3,3,827
627,708,ES,OD,3,3,830
627,811,ES,KH,3,3,830
627,828,ES,HGL,3,3,830
716,811,OD,KH,3,3,830
716,828,OD,HGL,3,3,830
815,828,KH,HGL,3,3,830
509,604,KH,OD,3,3,831
509,692,KH,ES,3,3,831
613,692,OD,ES,3,3,831
687,768,ES,OD,3,3,834
687,871,ES,KH,3,3,834
687,888,ES,HGL,3,3,834
776,871,OD,KH,3,3,834
776,888,OD,HGL,3,3,834
875,888,KH,HGL,3,3,834
551,565,HGL,KH,3,3,835
551,664,HGL,OD,3,3,835
551,752,HGL,ES,3,3,835
569,664,KH,OD,3,3,835
569,752,KH,ES,3,3,835
673,752,OD,ES,3,3,835
747,828,ES,OD,3,3,838
747,931,ES,KH,3,3,838
836,931,OD,KH,3,3,838
611,625,HGL,KH,3,3,839
611,724,HGL,OD,3,3,839
611,812,HGL,ES,3,3,839
629,724,KH,OD,3,3,839
629,812,KH,ES,3,3,839
733,812,OD,ES,3,3,839
807,888,ES,OD,3,3,842
807,991,ES,KH,3,3,842
896,991,OD,KH,3,3,842
689,784,KH,OD,3,3,843
689,872,KH,ES,3,3,843
793,872,OD,ES,3,3,843
867,948,ES,OD,3,3,846
867,1051,ES,KH,3,3,846
956,1051,OD,KH,3,3,846
731,745,HGL,KH,3,3,847
731,844,HGL,OD,3,3,847
731,932,HGL,ES,3,3,847
749,844,KH,OD,3,3,847
749,932,KH,ES,3,3,847
853,932,OD,ES,3,3,847
927,1008,ES,OD,3,3,850
927,1111,ES,KH,3,3,850
927,1128,ES,HGL,3,3,850
1016,1111,OD,KH,3,3,850
1016,1128,OD,HGL,3,3,850
1115,1128,KH,HGL,3,3,850
791,805,HGL,KH,3,3,851
791,904,HGL,OD,3,3,851
791,992,HGL,ES,3,3,851
809,904,KH,OD,3,3,851
809,992,KH,ES,3,3,851
913,992,OD,ES,3,3,851
987,1068,ES,OD,3,3,854
987,1171,ES,KH,3,3,854
987,1188,ES,HGL,3,3,854
1076,1171,OD,KH,3,3,854
1076,1188,OD,HGL,3,3,854
1175,1188,KH,HGL,3,3,854
851,865,HGL,KH,3,3,855
851,964,HGL,OD,3,3,855
851,1052,HGL,ES,3,3,855
869,964,KH,OD,3,3,855
869,1052,KH,ES,3,3,855
973,1052,OD,ES,3,3,855
1047,1128,ES,OD,3,3,858
1047,1231,ES,KH,3,3,858
1047,1248,ES,HGL,3,3,858
1136,1231,OD,KH,3,3,858
1136,1248,OD,HGL,3,3,858
1235,1248,KH,HGL,3,3,858
911,925,HGL,KH,3,3,859
911,1024,HGL,OD,3,3,859
911,1112,HGL,ES,3,3,859
929,1024,KH,OD,3,3,859
929,1112,KH,ES,3,3,859
1033,1112,OD,ES,3,3,859
1107,1188,ES,OD,3,3,862
1107,1291,ES,KH,3,3,862
1107,1308,ES,HGL,3,3,862
1196,1291,OD,KH,3,3,862
1196,1308,OD,HGL,3,3,862
1295,1308,KH,HGL,3,3,862
971,985,HGL,KH,3,3,863
971,1084,HGL,OD,3,3,863
971,1172,HGL,ES,3,3,863
989,1084,KH,OD,3,3,863
989,1172,KH,ES,3,3,863
1093,1172,OD,ES,3,3,863
1167,1248,ES,OD,3,3,866
1167,1351,ES,KH,3,3,866
1167,1368,ES,HGL,3,3,866
1256,1351,OD,KH,3,3,866
1256,1368,OD,HGL,3,3,866
1355,1368,KH,HGL,3,3,866
1049,1144,KH,OD,3,3,867
1049,1232,KH,ES,3,3,867
1153,1232,OD,ES,3,3,867
1227,1308,ES,OD,3,3,870
1109,1204,KH,OD,3,3,871
1109,1292,KH,ES,3,3,871
1213,1292,OD,ES,3,3,871
1151,1165,HGL,KH,3,3,875
1151,1264,HGL,OD,3,3,875
1151,1352,HGL,ES,3,3,875
1169,1264,KH,OD,3,3,875
1169,1352,KH,ES,3,3,875
1273,1352,OD,ES,3,3,875
1211,1225,HGL,KH,3,3,879
1211,1324,HGL,OD,3,3,879
1229,1324,KH,OD,3,3,879
1271,1285,HGL,KH,3,3,883
1271,1384,HGL,OD,3,3,883
1289,1384,KH,OD,3,3,883
275,308,SDB,TE,4,4,910
275,367,SDB,FA,4,4,910
310,367,TE,FA,4,4,910
443,449,KH,KK,3,3,1206
443,458,KH,KKn,3,3,1206
449,458,KK,KKn,3,3,1206
503,509,KH,KK,3,3,1210
503,518,KH,KKn,3,3,1210
509,518,KK,KKn,3,3,1210
563,569,KH,KK,3,3,1214
623,629,KH,KK,3,3,1218
683,689,KH,KK,3,3,1222
382,386,KKn,KK,3,3,1223
382,397,KKn,KH,3,3,1223
391,397,KK,KH,3,3,1223
743,749,KH,KK,3,3,1226
442,446,KKn,KK,3,3,1227
442,457,KKn,KH,3,3,1227
451,457,KK,KH,3,3,1227
803,809,KH,KK,3,3,1230
511,517,KK,KH,3,3,1231
863,869,KH,KK,3,3,1234
571,577,KK,KH,3,3,1235
923,929,KH,KK,3,3,1238
631,637,KK,KH,3,3,1239
983,989,KH,KK,3,3,1242
691,697,KK,KH,3,3,1243
1043,1049,KH,KK,3,3,1246
751,757,KK,KH,3,3,1247
1103,1109,KH,KK,3,3,1250
802,806,KKn,KK,3,3,1251
802,817,KKn,KH,3,3,1251
811,817,KK,KH,3,3,1251
1163,1169,KH,KK,3,3,1254
862,866,KKn,KK,3,3,1255
862,877,KKn,KH,3,3,1255
871,877,KK,KH,3,3,1255
1223,1229,KH,KK,3,3,1258
1223,1238,KH,KKn,3,3,1258
1229,1238,KK,KKn,3,3,1258
922,926,KKn,KK,3,3,1259
922,937,KKn,KH,3,3,1259
931,937,KK,KH,3,3,1259
1283,1289,KH,KK,3,3,1262
991,997,KK,KH,3,3,1263
1340,1346,KH,KK,3,3,1266
1051,1057,KK,KH,3,3,1267
1111,1117,KK,KH,3,3,1271
1171,1177,KK,KH,3,3,1275
1231,1237,KK,KH,3,3,1279
1282,1286,KKn,KK,3,3,1283
1282,1297,KKn,KH,3,3,1283
1291,1297,KK,KH,3,3,1283
1351,1357,KK,KH,3,3,1287
1411,1417,KK,KH,3,3,1291
1313,1324,HGL,KH,3,3,2285
101,107,KH,KK,4,4,2378
1184,1197,KH,HGL,3,3,2456
1244,1250,KH,KK,3,3,2460
1244,1259,KH,KKn,3,3,2460
1250,1259,KK,KKn,3,3,2460
1304,1317,KH,HGL,3,3,2464
1364,1377,KH,HGL,3,3,2468
38,54,KH,HGL,4,4,2476
1261,1265,KKn,KK,3,3,2483
1261,1276,KKn,KH,3,3,2483
1270,1276,KK,KH,3,3,2483
1325,1336,HGL,KH,3,3,2487
1376,1387,HGL,KH,3,3,2491
1436,7,HGL,KH,3,4,2495
410,423,KH,HGL,3,3,2502
470,476,KH,KK,3,3,2506
530,536,KH,KK,3,3,2510
590,596,KH,KK,3,3,2514
650,656,KH,KK,3,3,2518
650,665,KH,KKn,3,3,2518
656,665,KK,KKn,3,3,2518
334,340,KK,KH,3,3,2519
710,716,KH,KK,3,3,2522
710,725,KH,KKn,3,3,2522
716,725,KK,KKn,3,3,2522
394,400,KK,KH,3,3,2523
770,776,KH,KK,3,3,2526
770,785,KH,KKn,3,3,2526
776,785,KK,KKn,3,3,2526
454,460,KK,KH,3,3,2527
830,836,KH,KK,3,3,2530
830,845,KH,KKn,3,3,2530
836,845,KK,KKn,3,3,2530
505,509,KKn,KK,3,3,2531
505,520,KKn,KH,3,3,2531
514,520,KK,KH,3,3,2531
890,896,KH,KK,3,3,2534
890,905,KH,KKn,3,3,2534
896,905,KK,KKn,3,3,2534
574,580,KK,KH,3,3,2535
950,956,KH,KK,3,3,2538
950,965,KH,KKn,3,3,2538
956,965,KK,KKn,3,3,2538
634,640,KK,KH,3,3,2539
1010,1016,KH,KK,3,3,2542
1010,1025,KH,KKn,3,3,2542
1016,1025,KK,KKn,3,3,2542
685,689,KKn,KK,3,3,2543
685,700,KKn,KH,3,3,2543
694,700,KK,KH,3,3,2543
1070,1076,KH,KK,3,3,2546
745,749,KKn,KK,3,3,2547
745,760,KKn,KH,3,3,2547
754,760,KK,KH,3,3,2547
1130,1136,KH,KK,3,3,2550
814,820,KK,KH,3,3,2551
1190,1196,KH,KK,3,3,2554
869,880,HGL,KH,3,3,2555
1250,1256,KH,KK,3,3,2558
934,940,KK,KH,3,3,2559
1310,1316,KH,KK,3,3,2562
985,989,KKn,KK,3,3,2563
985,1000,KKn,KH,3,3,2563
994,1000,KK,KH,3,3,2563
1045,1049,KKn,KK,3,3,2567
1045,1060,KKn,KH,3,3,2567
1054,1060,KK,KH,3,3,2567
1109,1120,HGL,KH,3,3,2571
1169,1180,HGL,KH,3,3,2575
1234,1240,KK,KH,3,3,2579
368,426,FA,OD,3,3,2710
340,390,OD,FA,3,3,2713
510,560,FA,OD,3,3,2720
465,514,OD,FA,3,3,2721
630,680,FA,OD,3,3,2728
580,630,OD,FA,3,3,2729
750,800,FA,OD,3,3,2736
700,754,OD,FA,3,3,2737
870,929,FA,OD,3,3,2744
823,873,OD,FA,3,3,2745
987,1049,FA,OD,3,3,2752
943,993,OD,FA,3,3,2753
1110,1160,FA,OD,3,3,2760
1063,1113,OD,FA,3,3,2761
1226,1280,FA,OD,3,3,2768
1180,1230,OD,FA,3,3,2769
1346,1400,FA,OD,3,3,2776
1300,1354,OD,FA,3,3,2777
1420,34,OD,FA,3,4,2785
380,452,FA,AR,3,3,2913
440,512,FA,AR,3,3,2917
448,518,AR,FA,3,3,2920
868,938,AR,FA,3,3,2948
920,992,FA,AR,3,3,2949
926,996,AR,FA,3,3,2952
980,1052,FA,AR,3,3,2953
988,1058,AR,FA,3,3,2956
313,378,FA,ES,3,3,3306
373,438,FA,ES,3,3,3310
350,422,FA,AR,3,3,3311
358,428,AR,FA,3,3,3314
358,498,AR,ES,3,3,3314
433,498,FA,ES,3,3,3314
341,406,ES,FA,3,3,3315
341,482,ES,AR,3,3,3315
410,482,FA,AR,3,3,3315
418,488,AR,FA,3,3,3318
418,558,AR,ES,3,3,3318
493,558,FA,ES,3,3,3318
401,466,ES,FA,3,3,3319
401,542,ES,AR,3,3,3319
470,542,FA,AR,3,3,3319
478,548,AR,FA,3,3,3322
478,618,AR,ES,3,3,3322
553,618,FA,ES,3,3,3322
461,526,ES,FA,3,3,3323
461,602,ES,AR,3,3,3323
530,602,FA,AR,3,3,3323
538,608,AR,FA,3,3,3326
538,678,AR,ES,3,3,3326
613,678,FA,ES,3,3,3326
521,586,ES,FA,3,3,3327
521,662,ES,AR,3,3,3327
590,662,FA,AR,3,3,3327
598,668,AR,FA,3,3,3330
598,738,AR,ES,3,3,3330
673,738,FA,ES,3,3,3330
581,646,ES,FA,3,3,3331
581,722,ES,AR,3,3,3331
650,722,FA,AR,3,3,3331
658,728,AR,FA,3,3,3334
658,798,AR,ES,3,3,3334
733,798,FA,ES,3,3,3334
641,706,ES,FA,3,3,3335
641,782,ES,AR,3,3,3335
710,782,FA,AR,3,3,3335
718,788,AR,FA,3,3,3338
718,858,AR,ES,3,3,3338
793,858,FA,ES,3,3,3338
701,766,ES,FA,3,3,3339
701,842,ES,AR,3,3,3339
770,842,FA,AR,3,3,3339
778,848,AR,FA,3,3,3342
778,918,AR,ES,3,3,3342
853,918,FA,ES,3,3,3342
761,826,ES,FA,3,3,3343
761,902,ES,AR,3,3,3343
830,902,FA,AR,3,3,3343
838,908,AR,FA,3,3,3346
838,978,AR,ES,3,3,3346
913,978,FA,ES,3,3,3346
821,886,ES,FA,3,3,3347
821,962,ES,AR,3,3,3347
890,962,FA,AR,3,3,3347
898,968,AR,FA,3,3,3350
898,1038,AR,ES,3,3,3350
973,1038,FA,ES,3,3,3350
881,946,ES,FA,3,3,3351
881,1022,ES,AR,3,3,3351
950,1022,FA,AR,3,3,3351
958,1028,AR,FA,3,3,3354
958,1098,AR,ES,3,3,3354
1033,1098,FA,ES,3,3,3354
941,1006,ES,FA,3,3,3355
941,1082,ES,AR,3,3,3355
1010,1082,FA,AR,3,3,3355
1018,1088,AR,FA,3,3,3358
1018,1158,AR,ES,3,3,3358
1093,1158,FA,ES,3,3,3358
1001,1066,ES,FA,3,3,3359
1001,1142,ES,AR,3,3,3359
1070,1142,FA,AR,3,3,3359
1078,1148,AR,FA,3,3,3362
1078,1218,AR,ES,3,3,3362
1153,1218,FA,ES,3,3,3362
1061,1126,ES,FA,3,3,3363
1061,1202,ES,AR,3,3,3363
1130,1202,FA,AR,3,3,3363
1138,1208,AR,FA,3,3,3366
1138,1278,AR,ES,3,3,3366
1213,1278,FA,ES,3,3,3366
1121,1186,ES,FA,3,3,3367
1121,1262,ES,AR,3,3,3367
1190,1262,FA,AR,3,3,3367
1198,1268,AR,FA,3,3,3370
1198,1338,AR,ES,3,3,3370
1273,1338,FA,ES,3,3,3370
1181,1246,ES,FA,3,3,3371
1181,1322,ES,AR,3,3,3371
1250,1322,FA,AR,3,3,3371
1258,1328,AR,FA,3,3,3372
1333,1398,FA,ES,3,3,3374
1241,1308,ES,FA,3,3,3375
1318,1388,AR,FA,3,3,3378
1301,1368,ES,FA,3,3,3379
1361,1428,ES,FA,3,3,3383
1425,56,AR,FA,3,4,3386
1421,48,ES,FA,3,4,3387
1403,28,FA,ES,3,4,3390
1310,1382,FA,AR,3,3,3391
1370,2,FA,AR,3,4,3395
1003,1007,KKn,KK,3,3,3565
1003,1018,KKn,KH,3,3,3565
1012,1018,KK,KH,3,3,3565
278,289,HGL,KH,3,3,4317
338,349,HGL,KH,3,3,4321
380,386,KH,KK,3,3,4500
380,395,KH,KKn,3,3,4500
386,395,KK,KKn,3,3,4500
440,446,KH,KK,3,3,4504
500,513,KH,HGL,3,3,4508
560,573,KH,HGL,3,3,4512
620,626,KH,KK,3,3,4516
304,310,KK,KH,3,3,4517
680,693,KH,HGL,3,3,4520
355,359,KKn,KK,3,3,4521
355,370,KKn,KH,3,3,4521
364,370,KK,KH,3,3,4521
740,753,KH,HGL,3,3,4524
415,419,KKn,KK,3,3,4525
415,430,KKn,KH,3,3,4525
424,430,KK,KH,3,3,4525
800,813,KH,HGL,3,3,4528
478,490,HGL,KH,3,3,4529
860,873,KH,HGL,3,3,4532
539,550,HGL,KH,3,3,4533
920,926,KH,KK,3,3,4536
920,935,KH,KKn,3,3,4536
926,935,KK,KKn,3,3,4536
599,610,HGL,KH,3,3,4537
980,986,KH,KK,3,3,4540
980,995,KH,KKn,3,3,4540
986,995,KK,KKn,3,3,4540
664,670,KK,KH,3,3,4541
1040,1053,KH,HGL,3,3,4544
719,730,HGL,KH,3,3,4545
1100,1113,KH,HGL,3,3,4548
784,790,KK,KH,3,3,4549
1160,1166,KH,KK,3,3,4552
839,850,HGL,KH,3,3,4553
1220,1226,KH,KK,3,3,4556
899,910,HGL,KH,3,3,4557
1280,1286,KH,KK,3,3,4560
964,970,KK,KH,3,3,4561
1024,1030,KK,KH,3,3,4565
1079,1090,HGL,KH,3,3,4569
1139,1150,HGL,KH,3,3,4573
330,376,FA,OD,3,3,4708
417,463,FA,OD,3,3,4714
447,493,FA,OD,3,3,4716
403,451,OD,FA,3,3,4717
436,481,OD,FA,3,3,4721
570,613,FA,OD,3,3,4724
528,570,OD,FA,3,3,4725
690,733,FA,OD,3,3,4732
648,690,OD,FA,3,3,4733
810,856,FA,OD,3,3,4740
768,810,OD,FA,3,3,4741
927,973,FA,OD,3,3,4748
885,930,OD,FA,3,3,4749
1050,1093,FA,OD,3,3,4756
1008,1050,OD,FA,3,3,4757
1170,1213,FA,OD,3,3,4764
1128,1170,OD,FA,3,3,4765
1290,1333,FA,OD,3,3,4772
1245,1290,OD,FA,3,3,4773
1365,1410,OD,FA,3,3,4781
426,434,PA,TE,3,3,5750
426,494,PA,FA,3,3,5750
426,554,PA,AR,3,3,5750
436,494,TE,FA,3,3,5750
436,554,TE,AR,3,3,5750
496,554,FA,AR,3,3,5750
285,342,FA,TE,3,3,5751
285,353,FA,PA,3,3,5751
344,353,TE,PA,3,3,5751
546,554,PA,TE,3,3,5752
546,614,PA,FA,3,3,5752
556,614,TE,FA,3,3,5752
339,400,AR,FA,3,3,5753
339,462,AR,TE,3,3,5753
339,473,AR,PA,3,3,5753
405,462,FA,TE,3,3,5753
405,473,FA,PA,3,3,5753
464,473,TE,PA,3,3,5753
666,674,PA,TE,3,3,5754
666,734,PA,FA,3,3,5754
676,734,TE,FA,3,3,5754
525,582,FA,TE,3,3,5755
525,593,FA,PA,3,3,5755
584,593,TE,PA,3,3,5755
906,914,PA,TE,3,3,5758
906,974,PA,FA,3,3,5758
916,974,TE,FA,3,3,5758
765,822,FA,TE,3,3,5759
765,833,FA,PA,3,3,5759
824,833,TE,PA,3,3,5759
1146,1154,PA,TE,3,3,5762
1146,1214,PA,FA,3,3,5762
1156,1214,TE,FA,3,3,5762
1005,1062,FA,TE,3,3,5763
1005,1073,FA,PA,3,3,5763
1064,1073,TE,PA,3,3,5763
1266,1274,PA,TE,3,3,5764
1266,1334,PA,FA,3,3,5764
1276,1334,TE,FA,3,3,5764
1059,1120,AR,FA,3,3,5765
1059,1182,AR,TE,3,3,5765
1059,1193,AR,PA,3,3,5765
1125,1182,FA,TE,3,3,5765
1125,1193,FA,PA,3,3,5765
1184,1193,TE,PA,3,3,5765
20,79,FA,AR,4,4,5766
1386,79,PA,AR,3,4,5766
1386,1394,PA,TE,3,3,5766
1386,14,PA,FA,3,4,5766
1396,79,TE,AR,3,4,5766
1396,14,TE,FA,3,4,5766
1245,1302,FA,TE,3,3,5767
1245,1313,FA,PA,3,3,5767
1304,1313,TE,PA,3,3,5767
161,185,CPHkak,KH,4,4,9300
75,98,KH,CPHkak,4,4,9301
582,603,CPHkak,KH,3,3,9316
582,615,CPHkak,HGL,3,3,9316
605,615,KH,HGL,3,3,9316
270,280,HGL,KH,4,4,9317
291,312,KH,CPHkak,3,3,9317
595,619,CPHkak,KH,3,3,9318
1161,1185,CPHkak,KH,3,3,9354
1175,1199,CPHkak,KH,3,3,9356
1175,1208,CPHkak,KK,3,3,9356
1202,1208,KH,KK,3,3,9356
1236,1257,CPHkak,KH,3,3,9362
1236,1272,CPHkak,HGL,3,3,9362
1262,1272,KH,HGL,3,3,9362
1257,1281,CPHkak,KH,3,3,9364
1257,1292,CPHkak,KK,3,3,9364
1286,1292,KH,KK,3,3,9364
1043,1066,KH,CPHkak,3,3,9367
1062,1085,KH,CPHkak,3,3,9369
1087,1093,KK,KH,3,3,9371
1087,1119,KK,CPHkak,3,3,9371
1096,1119,KH,CPHkak,3,3,9371
1281,1291,HGL,KH,3,3,9383
1281,1318,HGL,CPHkak,3,3,9383
1295,1318,KH,CPHkak,3,3,9383
198,222,CPHkak,KH,4,4,9386
224,234,KH,HGL,3,3,9386
